{"errors":[],"warnings":[],"namedChunkGroups":{"app":{"chunks":[13,4],"assets":["webpack-runtime-429c71649ba49396bd06.js","webpack-runtime-429c71649ba49396bd06.js.map","app-66e5819a20dd6e759389.js","app-66e5819a20dd6e759389.js.map"],"children":{},"childAssets":{}},"component---node-modules-gatsby-plugin-offline-app-shell-js":{"chunks":[5],"assets":["component---node-modules-gatsby-plugin-offline-app-shell-js-d19ece59521715589c1d.js","component---node-modules-gatsby-plugin-offline-app-shell-js-d19ece59521715589c1d.js.map"],"children":{},"childAssets":{}},"component---src-templates-index-js":{"chunks":[0,2,3,1,6],"assets":["0.edea466e307ece09cb61.css","0-4f3e039dba372df04b3d.js","0-4f3e039dba372df04b3d.js.map","2-4e0f79fc2ed9644be930.js","2-4e0f79fc2ed9644be930.js.map","3-e4707673195e567399d4.js","3-e4707673195e567399d4.js.map","1.65217746576736aada74.css","1-2d21ae946d2704e36262.js","1-2d21ae946d2704e36262.js.map","component---src-templates-index-js.809b30b149e476f796be.css","component---src-templates-index-js-b61280bc5dd48a4329a2.js","component---src-templates-index-js-b61280bc5dd48a4329a2.js.map"],"children":{},"childAssets":{}},"component---src-pages-about-js":{"chunks":[0,2,12,1,7],"assets":["0.edea466e307ece09cb61.css","0-4f3e039dba372df04b3d.js","0-4f3e039dba372df04b3d.js.map","2-4e0f79fc2ed9644be930.js","2-4e0f79fc2ed9644be930.js.map","12-9400ae017e77a0852705.js","12-9400ae017e77a0852705.js.map","1.65217746576736aada74.css","1-2d21ae946d2704e36262.js","1-2d21ae946d2704e36262.js.map","component---src-pages-about-js.598f0d35bf25ebaf78f2.css","component---src-pages-about-js-55b940dcd11c40411b21.js","component---src-pages-about-js-55b940dcd11c40411b21.js.map"],"children":{},"childAssets":{}},"component---src-pages-blog-js":{"chunks":[0,2,3,1,8],"assets":["0.edea466e307ece09cb61.css","0-4f3e039dba372df04b3d.js","0-4f3e039dba372df04b3d.js.map","2-4e0f79fc2ed9644be930.js","2-4e0f79fc2ed9644be930.js.map","3-e4707673195e567399d4.js","3-e4707673195e567399d4.js.map","1.65217746576736aada74.css","1-2d21ae946d2704e36262.js","1-2d21ae946d2704e36262.js.map","component---src-pages-blog-js.84c992dab71d118dd3e2.css","component---src-pages-blog-js-d1fe9c427cac1153709c.js","component---src-pages-blog-js-d1fe9c427cac1153709c.js.map"],"children":{},"childAssets":{}},"component---src-pages-index-js":{"chunks":[0,1,9],"assets":["0.edea466e307ece09cb61.css","0-4f3e039dba372df04b3d.js","0-4f3e039dba372df04b3d.js.map","1.65217746576736aada74.css","1-2d21ae946d2704e36262.js","1-2d21ae946d2704e36262.js.map","component---src-pages-index-js-a89e3eacc787f81dc609.js","component---src-pages-index-js-a89e3eacc787f81dc609.js.map"],"children":{},"childAssets":{}},"component---src-pages-nda-js":{"chunks":[0,2,1,10],"assets":["0.edea466e307ece09cb61.css","0-4f3e039dba372df04b3d.js","0-4f3e039dba372df04b3d.js.map","2-4e0f79fc2ed9644be930.js","2-4e0f79fc2ed9644be930.js.map","1.65217746576736aada74.css","1-2d21ae946d2704e36262.js","1-2d21ae946d2704e36262.js.map","component---src-pages-nda-js-4796c029ba7eca86d0db.js","component---src-pages-nda-js-4796c029ba7eca86d0db.js.map"],"children":{},"childAssets":{}}},"assetsByChunkName":{"app":["webpack-runtime-429c71649ba49396bd06.js","app-66e5819a20dd6e759389.js"],"component---node-modules-gatsby-plugin-offline-app-shell-js":["component---node-modules-gatsby-plugin-offline-app-shell-js-d19ece59521715589c1d.js"],"component---src-templates-index-js":["0.edea466e307ece09cb61.css","0-4f3e039dba372df04b3d.js","2-4e0f79fc2ed9644be930.js","3-e4707673195e567399d4.js","1.65217746576736aada74.css","1-2d21ae946d2704e36262.js","component---src-templates-index-js.809b30b149e476f796be.css","component---src-templates-index-js-b61280bc5dd48a4329a2.js"],"component---src-pages-about-js":["0.edea466e307ece09cb61.css","0-4f3e039dba372df04b3d.js","2-4e0f79fc2ed9644be930.js","12-9400ae017e77a0852705.js","1.65217746576736aada74.css","1-2d21ae946d2704e36262.js","component---src-pages-about-js.598f0d35bf25ebaf78f2.css","component---src-pages-about-js-55b940dcd11c40411b21.js"],"component---src-pages-blog-js":["0.edea466e307ece09cb61.css","0-4f3e039dba372df04b3d.js","2-4e0f79fc2ed9644be930.js","3-e4707673195e567399d4.js","1.65217746576736aada74.css","1-2d21ae946d2704e36262.js","component---src-pages-blog-js.84c992dab71d118dd3e2.css","component---src-pages-blog-js-d1fe9c427cac1153709c.js"],"component---src-pages-index-js":["0.edea466e307ece09cb61.css","0-4f3e039dba372df04b3d.js","1.65217746576736aada74.css","1-2d21ae946d2704e36262.js","component---src-pages-index-js-a89e3eacc787f81dc609.js"],"component---src-pages-nda-js":["0.edea466e307ece09cb61.css","0-4f3e039dba372df04b3d.js","2-4e0f79fc2ed9644be930.js","1.65217746576736aada74.css","1-2d21ae946d2704e36262.js","component---src-pages-nda-js-4796c029ba7eca86d0db.js"]}}