{"errors":[],"warnings":[],"namedChunkGroups":{"app":{"chunks":[12,4],"assets":["webpack-runtime-cdd99141950e8ccdc1af.js","webpack-runtime-cdd99141950e8ccdc1af.js.map","app-1c6a93b38a83110521d8.js","app-1c6a93b38a83110521d8.js.map"],"children":{},"childAssets":{}},"component---node-modules-gatsby-plugin-offline-app-shell-js":{"chunks":[5],"assets":["component---node-modules-gatsby-plugin-offline-app-shell-js-d19ece59521715589c1d.js","component---node-modules-gatsby-plugin-offline-app-shell-js-d19ece59521715589c1d.js.map"],"children":{},"childAssets":{}},"component---src-templates-index-js":{"chunks":[0,2,3,1,6],"assets":["0.5254373cc01407d325fe.css","0-daa24fefa628911b8487.js","0-daa24fefa628911b8487.js.map","2-e3ad5b24966226a2907f.js","2-e3ad5b24966226a2907f.js.map","3-c9f8f8f87d9d87b8bc1b.js","3-c9f8f8f87d9d87b8bc1b.js.map","1.3803849089d999121851.css","1-049e45817a8a742ebcf2.js","1-049e45817a8a742ebcf2.js.map","component---src-templates-index-js.78e433ded353d38e991a.css","component---src-templates-index-js-03c7b39b2663c7c5a408.js","component---src-templates-index-js-03c7b39b2663c7c5a408.js.map"],"children":{},"childAssets":{}},"component---src-pages-about-js":{"chunks":[0,2,11,1,7],"assets":["0.5254373cc01407d325fe.css","0-daa24fefa628911b8487.js","0-daa24fefa628911b8487.js.map","2-e3ad5b24966226a2907f.js","2-e3ad5b24966226a2907f.js.map","11-57f03a3aec37d385fc59.js","11-57f03a3aec37d385fc59.js.map","1.3803849089d999121851.css","1-049e45817a8a742ebcf2.js","1-049e45817a8a742ebcf2.js.map","component---src-pages-about-js.b8f38e3969a8b255d1ee.css","component---src-pages-about-js-e0ea2a9a9b316116a6ce.js","component---src-pages-about-js-e0ea2a9a9b316116a6ce.js.map"],"children":{},"childAssets":{}},"component---src-pages-blog-js":{"chunks":[0,2,3,1,8],"assets":["0.5254373cc01407d325fe.css","0-daa24fefa628911b8487.js","0-daa24fefa628911b8487.js.map","2-e3ad5b24966226a2907f.js","2-e3ad5b24966226a2907f.js.map","3-c9f8f8f87d9d87b8bc1b.js","3-c9f8f8f87d9d87b8bc1b.js.map","1.3803849089d999121851.css","1-049e45817a8a742ebcf2.js","1-049e45817a8a742ebcf2.js.map","component---src-pages-blog-js.05fa74bd847b3cb58a3b.css","component---src-pages-blog-js-87bb0185ae4622baaca6.js","component---src-pages-blog-js-87bb0185ae4622baaca6.js.map"],"children":{},"childAssets":{}},"component---src-pages-index-js":{"chunks":[0,1,9],"assets":["0.5254373cc01407d325fe.css","0-daa24fefa628911b8487.js","0-daa24fefa628911b8487.js.map","1.3803849089d999121851.css","1-049e45817a8a742ebcf2.js","1-049e45817a8a742ebcf2.js.map","component---src-pages-index-js-711cd48cf6503f8f6745.js","component---src-pages-index-js-711cd48cf6503f8f6745.js.map"],"children":{},"childAssets":{}}},"assetsByChunkName":{"app":["webpack-runtime-cdd99141950e8ccdc1af.js","app-1c6a93b38a83110521d8.js"],"component---node-modules-gatsby-plugin-offline-app-shell-js":["component---node-modules-gatsby-plugin-offline-app-shell-js-d19ece59521715589c1d.js"],"component---src-templates-index-js":["0.5254373cc01407d325fe.css","0-daa24fefa628911b8487.js","2-e3ad5b24966226a2907f.js","3-c9f8f8f87d9d87b8bc1b.js","1.3803849089d999121851.css","1-049e45817a8a742ebcf2.js","component---src-templates-index-js.78e433ded353d38e991a.css","component---src-templates-index-js-03c7b39b2663c7c5a408.js"],"component---src-pages-about-js":["0.5254373cc01407d325fe.css","0-daa24fefa628911b8487.js","2-e3ad5b24966226a2907f.js","11-57f03a3aec37d385fc59.js","1.3803849089d999121851.css","1-049e45817a8a742ebcf2.js","component---src-pages-about-js.b8f38e3969a8b255d1ee.css","component---src-pages-about-js-e0ea2a9a9b316116a6ce.js"],"component---src-pages-blog-js":["0.5254373cc01407d325fe.css","0-daa24fefa628911b8487.js","2-e3ad5b24966226a2907f.js","3-c9f8f8f87d9d87b8bc1b.js","1.3803849089d999121851.css","1-049e45817a8a742ebcf2.js","component---src-pages-blog-js.05fa74bd847b3cb58a3b.css","component---src-pages-blog-js-87bb0185ae4622baaca6.js"],"component---src-pages-index-js":["0.5254373cc01407d325fe.css","0-daa24fefa628911b8487.js","1.3803849089d999121851.css","1-049e45817a8a742ebcf2.js","component---src-pages-index-js-711cd48cf6503f8f6745.js"]}}